tokens,true_tags,pred_tags
"['The', 'clinic', 'basically', 'schedules', 'patients', ',', 'provides', 'services', 'for', 'them', ',', 'and', 'bills', 'them', 'for', 'those', 'services', '.']","[0, 0, 0, 0, 0, 0, 0, 0, 0, 0, 0, 0, 0, 0, 0, 0, 0, 0]","[0, 0, 0, 3, 0, 0, 3, 0, 0, 0, 0, 0, 0, 0, 0, 0, 0, 0]"
"['New', 'patients', 'fill', 'out', 'a', 'form', 'listing', 'their', 'name', ',', 'address', ',', 'telephone', 'numbers', ',', 'allergies', ',', 'and', 'state', 'of', 'mind', 'prior', 'to', 'scheduling', 'their', 'first', 'appointment', '.']","[1, 2, 3, 4, 4, 4, 4, 0, 0, 0, 0, 0, 0, 0, 0, 0, 0, 0, 0, 0, 0, 0, 0, 0, 0, 0, 0, 0]","[1, 0, 3, 0, 0, 0, 0, 0, 0, 0, 0, 0, 0, 0, 0, 0, 0, 0, 0, 0, 0, 0, 0, 0, 0, 0, 0, 0]"
"['Existing', 'patients', 'are', 'normally', 'scheduled', 'for', 'their', 'next', 'appointment', 'as', 'they', 'depart', 'from', 'their', 'current', 'appointment', '.']","[0, 1, 0, 0, 0, 0, 0, 0, 0, 0, 0, 0, 0, 0, 0, 0, 0]","[0, 0, 3, 0, 3, 0, 0, 0, 0, 0, 0, 3, 0, 0, 0, 0, 0]"
"['When', 'the', 'office', 'staff', 'forget', 'to', 'do', 'this', ',', 'a', 'desk', 'worker', 'has', 'to', 'call', 'the', 'patient', 'to', 'set', 'up', 'a', 'date', '.']","[0, 0, 0, 0, 0, 0, 0, 0, 0, 0, 0, 0, 0, 0, 0, 0, 0, 0, 0, 0, 0, 0, 0]","[0, 0, 0, 0, 0, 0, 3, 0, 0, 0, 0, 0, 3, 0, 3, 0, 0, 0, 3, 0, 0, 0, 0]"
"['Schedules', 'are', 'entered', 'into', 'a', 'central', 'appointment', 'book', ';', 'patient', 'records', '(', 'including', 'contact', 'information', ')', 'are', 'kept', 'in', 'paper', 'files', '.']","[0, 0, 0, 0, 0, 0, 0, 0, 0, 0, 0, 0, 0, 0, 0, 0, 0, 0, 0, 0, 0, 0]","[0, 3, 4, 0, 0, 0, 0, 0, 0, 0, 0, 0, 0, 0, 0, 0, 3, 4, 0, 0, 0, 0]"
"['Appointments', 'are', 'for', 'one', 'of', 'three', 'procedures', ':', 'dental', 'hygiene', ',', 'cavities', 'and', 'fillings', ',', 'and', 'oral', 'surgery', '(', 'including', 'root', 'canals', 'and', 'tooth', 'extractions', ')', '.']","[0, 0, 0, 0, 0, 0, 0, 0, 0, 0, 0, 0, 0, 0, 0, 0, 0, 0, 0, 0, 0, 0, 0, 0, 0, 0, 0]","[0, 3, 0, 0, 0, 0, 0, 0, 0, 0, 0, 0, 0, 0, 0, 0, 0, 0, 0, 0, 0, 0, 0, 0, 0, 0, 0]"
"['For', 'each', 'procedure', 'the', 'patient', 'needs', 'to', 'be', 'prepared', 'and', 'supplies', 'need', 'to', 'be', 'collected', '(', 'e.g.', ',', 'probes', ',', 'drill', 'bits', ',', 'cements', ',', 'resins', ',', 'etc', '.', ')', '.']","[0, 0, 0, 0, 0, 0, 0, 0, 0, 0, 0, 0, 0, 0, 0, 0, 0, 0, 0, 0, 0, 0, 0, 0, 0, 0, 0, 0, 0, 0, 0]","[0, 0, 0, 0, 0, 3, 0, 3, 4, 0, 0, 3, 0, 3, 4, 0, 0, 0, 0, 0, 0, 3, 0, 0, 0, 0, 0, 0, 0, 0, 0]"
"['For', 'a', 'hygienist', ""'s"", 'appointment', ',', 'preparation', 'could', 'be', 'as', 'simple', 'as', 'seating', 'the', 'patient', 'in', 'dental', 'chair', 'and', 'putting', 'a', 'bib', 'around', 'his', 'or', 'her', 'neck', '.']","[0, 0, 0, 0, 0, 0, 0, 0, 0, 0, 0, 0, 0, 0, 0, 0, 0, 0, 0, 0, 0, 0, 0, 0, 0, 0, 0, 0]","[0, 0, 0, 0, 0, 0, 0, 0, 3, 0, 0, 0, 0, 0, 0, 0, 0, 0, 0, 0, 0, 0, 0, 0, 0, 0, 0, 0]"
"['For', 'oral', 'surgery', ',', 'anesthesia', 'of', 'various', 'strengths', 'are', 'normally', 'administered', 'prior', 'to', 'operation', '.']","[0, 0, 0, 0, 0, 0, 0, 0, 0, 0, 0, 0, 0, 0, 0]","[0, 0, 0, 0, 0, 0, 0, 0, 3, 0, 3, 0, 0, 0, 0]"
"['Only', 'for', 'oral', 'surgery', 'procedures', 'is', 'it', 'necessary', 'to', 'ask', 'the', 'patient', 'to', 'wait', 'for', 'up', 'to', 'twenty', 'minutes', 'before', 'performing', 'a', 'post', '', 'operative', 'check', '.']","[0, 0, 0, 0, 0, 0, 0, 0, 0, 0, 0, 0, 0, 0, 0, 0, 0, 0, 0, 0, 0, 0, 0, 0, 0, 0, 0]","[0, 0, 0, 0, 0, 3, 0, 0, 0, 3, 0, 0, 0, 3, 0, 0, 0, 3, 0, 0, 0, 0, 0, 0, 0, 0, 0]"
"['Billing', 'is', 'always', 'done', 'by', 'the', 'month', ',', 'and', 'bills', 'are', 'always', 'sent', 'by', 'mail', 'to', 'patients', ""'"", 'contact', 'addresses', '.']","[0, 0, 0, 0, 0, 0, 0, 0, 0, 0, 0, 0, 0, 0, 0, 0, 0, 0, 0, 0, 0]","[0, 3, 0, 3, 0, 0, 0, 0, 0, 0, 3, 0, 3, 0, 0, 0, 0, 0, 0, 0, 0]"
"['Checks', 'are', 'received', 'by', 'mail', '.']","[0, 0, 0, 0, 0, 0]","[0, 3, 4, 0, 0, 0]"
"['HMO', '', 'funded', 'patients', 'are', 'asked', 'to', 'make', 'a', 'copayment', 'at', 'the', 'time', 'that', 'they', 'leave', 'the', 'office', '.']","[0, 0, 0, 0, 0, 0, 0, 0, 0, 0, 0, 0, 0, 0, 0, 0, 0, 0, 0]","[1, 3, 0, 3, 4, 0, 3, 0, 0, 0, 0, 0, 0, 0, 3, 0, 0, 0, 0]"
"['Each', 'patient', 'also', 'generates', 'a', 'reimbursement', 'request', 'to', 'an', 'insurance', 'company', '.']","[0, 1, 0, 3, 4, 4, 4, 0, 0, 0, 0, 0]","[0, 0, 0, 3, 0, 0, 0, 0, 0, 0, 0, 0]"
"['Insurance', 'companies', 'and', 'HMOs', 'send', 'their', 'checks', 'by', 'mail', 'three', 'months', 'after', 'receiving', 'a', 'reimbursement', 'request', '.']","[0, 0, 0, 0, 0, 0, 0, 0, 0, 0, 0, 0, 0, 0, 0, 0, 0]","[0, 0, 0, 1, 3, 0, 0, 0, 0, 0, 0, 0, 0, 0, 0, 0, 0]"
"['The', 'clinic', 'maintains', 'a', 'supplies', 'inventory', 'file', 'that', 'a', 'worker', 'fills', 'out', 'once', 'a', 'week', 'by', 'physically', 'inspecting', 'each', 'of', 'the', 'three', 'procedures', 'rooms', '.']","[0, 0, 0, 0, 0, 0, 0, 0, 0, 0, 0, 0, 0, 0, 0, 0, 0, 0, 0, 0, 0, 0, 0, 0, 0]","[0, 0, 3, 0, 0, 0, 0, 0, 0, 0, 3, 0, 0, 0, 0, 0, 0, 0, 0, 0, 0, 0, 0, 0, 0]"
"['Supplies', 'and', 'tools', 'are', 'stored', 'in', 'a', 'standard', 'layout', 'in', 'each', 'room', '.']","[0, 0, 0, 0, 0, 0, 0, 0, 0, 0, 0, 0, 0]","[0, 0, 0, 3, 4, 0, 0, 0, 0, 0, 0, 0, 0]"
"['Geological', 'samples', 'are', 'retrieved', 'from', 'the', 'field', 'and', 'then', 'processed', 'in', 'the', 'laboratory', 'to', 'determine', 'various', 'properties', ',', 'including', 'chemistry', ',', 'mineralogy', ',', 'age', ',', 'and', 'petrophysical', 'properties', 'like', 'density', ',', 'porosity', ',', 'permeability', '.']","[0, 0, 0, 0, 0, 0, 0, 0, 0, 0, 0, 0, 0, 0, 0, 0, 0, 0, 0, 0, 0, 0, 0, 0, 0, 0, 0, 0, 0, 0, 0, 0, 0, 0, 0]","[0, 0, 3, 4, 0, 0, 0, 0, 0, 3, 0, 0, 0, 0, 3, 0, 0, 0, 0, 0, 0, 0, 0, 0, 0, 0, 0, 0, 0, 0, 0, 0, 0, 0, 0]"
"['Samples', 'obtained', 'as', 'part', 'of', 'economic', 'activities', ',', 'such', 'as', 'mineral', 'exploration', ',', 'are', 'usually', 'processed', 'in', 'commercial', 'assay', 'and', 'chemistry', 'labs', '.']","[0, 0, 0, 0, 0, 0, 0, 0, 0, 0, 0, 0, 0, 0, 0, 0, 0, 0, 0, 0, 0, 0, 0]","[0, 3, 0, 0, 0, 0, 0, 0, 0, 0, 0, 0, 0, 3, 0, 3, 0, 0, 0, 0, 0, 0, 0]"
"['For', 'QA', '/', 'QC', 'purposes', ',', 'each', 'batch', 'of', 'samples', 'will', 'have', 'a', 'number', 'of', 'control', 'samples', 'inserted', ',', 'for', 'which', 'the', 'concentration', 'of', 'particular', 'chemical', 'species', 'are', 'already', 'known', '.']","[0, 0, 0, 0, 0, 0, 0, 0, 0, 0, 0, 0, 0, 0, 0, 0, 0, 0, 0, 0, 0, 0, 0, 0, 0, 0, 0, 0, 0, 0, 0]","[0, 1, 2, 2, 0, 0, 0, 0, 0, 0, 0, 3, 0, 0, 0, 0, 0, 3, 0, 0, 0, 0, 0, 0, 0, 0, 0, 3, 0, 3, 0]"
"['For', 'confidentiality', 'reasons', 'the', 'location', 'information', 'associated', 'with', 'each', 'sample', 'is', 'not', 'provided', 'to', 'the', 'lab', ',', 'but', 'must', 'be', 're', '', 'attached', 'during', 'the', 'interpretation', 'phase', '.']","[0, 0, 0, 0, 0, 0, 0, 0, 0, 0, 0, 0, 0, 0, 0, 0, 0, 0, 0, 0, 0, 0, 0, 0, 0, 0, 0, 0]","[0, 0, 0, 0, 0, 0, 3, 0, 0, 0, 3, 0, 3, 0, 0, 0, 0, 0, 0, 3, 0, 3, 0, 0, 0, 0, 0, 0]"
"['During', 'processing', ',', 'many', 'derived', 'samples', 'will', 'be', 'generated', 'by', 'various', 'physical', 'and', 'chemical', 'procedures', '.']","[0, 0, 0, 0, 0, 0, 0, 0, 0, 0, 0, 0, 0, 0, 0, 0]","[0, 0, 0, 0, 3, 0, 0, 3, 4, 0, 0, 0, 0, 0, 0, 0]"
"['In', 'some', 'cases', 'the', 'derived', 'samples', 'are', 'strict', 'sub', '', 'samples', ',', 'whose', 'intensive', 'properties', 'are', 'intended', 'to', 'be', 'the', 'same', 'as', 'the', 'parent', '.']","[0, 0, 0, 0, 0, 0, 0, 0, 0, 0, 0, 0, 0, 0, 0, 0, 0, 0, 0, 0, 0, 0, 0, 0, 0]","[0, 0, 0, 0, 0, 0, 3, 0, 0, 0, 0, 0, 0, 0, 3, 4, 0, 3, 0, 0, 0, 0, 0, 0, 0]"
"['In', 'other', 'cases', ',', 'the', 'split', 'is', ""'"", 'biased', ""'"", ',', 'with', 'the', 'derived', 'sample', 'intended', 'to', 'select', 'a', 'specific', 'sub', '', 'sample', ',', 'defined', 'by', 'a', 'particular', 'particle', 'size', ',', 'density', ',', 'magnetic', 'properties', ',', 'etc', '.']","[0, 0, 0, 0, 0, 0, 0, 0, 0, 0, 0, 0, 0, 0, 0, 0, 0, 0, 0, 0, 0, 0, 0, 0, 0, 0, 0, 0, 0, 0, 0, 0, 0, 0, 0, 0, 0, 0]","[0, 0, 0, 0, 0, 0, 3, 0, 3, 0, 0, 0, 0, 0, 0, 3, 0, 3, 0, 0, 0, 0, 0, 3, 0, 0, 0, 0, 0, 0, 0, 0, 0, 0, 0, 0, 0, 0]"
"['The', 'link', 'from', 'the', 'derived', 'sample', 'to', 'the', 'parent', 'sample', 'must', 'be', 'preserved', ',', 'and', 'the', 'link', 'from', 'the', 'parent', 'to', 'the', 'location', 'from', 'which', 'it', 'was', 'obtained', 'also', '.']","[0, 0, 0, 0, 0, 0, 0, 0, 0, 0, 0, 0, 0, 0, 0, 0, 0, 0, 0, 0, 0, 0, 0, 0, 0, 0, 0, 0, 0, 0]","[0, 0, 0, 0, 0, 0, 0, 0, 0, 0, 0, 3, 4, 0, 0, 0, 0, 0, 0, 0, 0, 0, 0, 0, 0, 0, 3, 4, 0, 0]"
"['In', 'some', 'cases', 'the', 'location', 'is', 'associated', 'with', 'another', 'sampling', 'artifact', ',', 'such', 'as', 'a', 'drill', '', 'hole', 'or', 'traverse', 'or', 'cruise', ',', 'with', 'the', 'latter', 'carrying', 'the', 'detailed', 'location', 'information', '.']","[0, 0, 0, 0, 0, 0, 0, 0, 0, 0, 0, 0, 0, 0, 0, 0, 0, 0, 0, 0, 0, 0, 0, 0, 0, 0, 0, 0, 0, 0, 0, 0]","[0, 0, 0, 0, 0, 3, 4, 0, 0, 0, 0, 0, 0, 0, 0, 0, 0, 0, 0, 0, 0, 0, 0, 0, 0, 0, 0, 0, 0, 0, 0, 0]"
"['In', 'a', 'research', 'context', 'some', 'samples', 'have', 'a', 'particularly', 'high', '', 'value', ',', 'having', 'been', 'obtained', 'by', 'an', 'expensive', 'process', '(', 'involving', 'drilling', 'or', 'ships', 'or', 'spacecraft', ')', 'or', 'from', 'a', 'location', 'that', 'is', 'hard', 'to', 'visit', '(', 'remote', ',', 'offshore', ',', 'in', 'space', ')', '.']","[0, 0, 0, 0, 0, 0, 0, 0, 0, 0, 0, 0, 0, 0, 0, 0, 0, 0, 0, 0, 0, 0, 0, 0, 0, 0, 0, 0, 0, 0, 0, 0, 0, 0, 0, 0, 0, 0, 0, 0, 0, 0, 0, 0, 0, 0]","[0, 0, 0, 0, 0, 0, 3, 0, 0, 0, 0, 0, 0, 3, 4, 0, 0, 0, 0, 0, 0, 0, 0, 0, 0, 0, 0, 0, 0, 0, 0, 0, 3, 0, 0, 3, 0, 3, 0, 0, 0, 0, 0, 0, 0, 0]"
"['These', 'samples', 'are', 'sometimes', 'sub', '', 'divided', 'and', 'distributed', 'to', 'multiple', 'research', 'teams', 'or', 'labs', 'for', 'different', 'specialized', 'observations', '.']","[0, 0, 0, 0, 0, 0, 0, 0, 0, 0, 0, 0, 0, 0, 0, 0, 0, 0, 0, 0]","[0, 0, 3, 0, 0, 3, 0, 3, 0, 3, 4, 0, 0, 0, 0, 0, 0, 0, 0, 0]"
"['Each', 'lab', 'will', 'run', 'its', 'own', 'LIMS', 'system', ',', 'which', 'will', 'usually', 'assign', 'a', 'local', 'identifier', 'for', 'the', 'sample', '.']","[0, 0, 0, 0, 0, 0, 0, 0, 0, 0, 0, 0, 0, 0, 0, 0, 0, 0, 0, 0]","[0, 0, 0, 3, 0, 0, 1, 0, 0, 0, 0, 0, 3, 0, 0, 0, 0, 0, 0, 0]"
"['When', 'the', 'results', 'of', 'these', 'observations', 'are', 'reported', ',', 'it', 'is', 'necessary', 'that', 'observations', 'from', 'different', 'labs', 'can', 'be', 'correlated', 'with', 'each', 'other', ',', 'so', 'that', 'the', 'complete', 'picture', 'around', 'each', 'sample', 'can', 'be', 'assembled', '.']","[0, 0, 0, 0, 0, 0, 0, 0, 0, 0, 0, 0, 0, 0, 0, 0, 0, 0, 0, 0, 0, 0, 0, 0, 0, 0, 0, 0, 0, 0, 0, 0, 0, 0, 0, 0]","[0, 0, 0, 0, 0, 0, 3, 4, 0, 0, 3, 0, 0, 0, 0, 0, 0, 0, 3, 4, 0, 0, 0, 0, 0, 0, 0, 0, 0, 0, 0, 0, 0, 3, 4, 0]"
"['These', 'stories', 'focus', 'on', 'sensing', 'applications', 'involving', 'ex', '', 'situ', 'sampling', ',', 'where', 'a', 'location', 'is', 'visited', 'and', 'a', 'specimen', 'obtained', 'using', 'some', 'sampling', 'process', ',', 'then', 'transported', 'to', 'one', 'or', 'more', 'laboratories', 'where', 'it', 'is', 'processed', 'into', 'one', 'or', 'more', 'sub', '', 'samples', 'and', 'various', 'observations', 'made', '.']","[0, 0, 0, 0, 0, 0, 0, 0, 0, 0, 0, 0, 0, 0, 0, 0, 0, 0, 0, 0, 0, 0, 0, 0, 0, 0, 0, 0, 0, 0, 0, 0, 0, 0, 0, 0, 0, 0, 0, 0, 0, 0, 0, 0, 0, 0, 0, 0, 0]","[0, 0, 3, 0, 0, 0, 0, 0, 0, 0, 0, 0, 0, 0, 3, 4, 0, 0, 0, 3, 4, 0, 0, 0, 0, 0, 3, 0, 0, 0, 0, 0, 0, 0, 3, 4, 0, 0, 0, 0, 0, 0, 0, 0, 0, 3, 0, 0, 0]"
"['Sample', 'identity', 'is', 'usually', 'key', ',', 'and', 'the', 'relationships', 'between', 'samples', ',', 'between', 'samples', 'and', 'other', 'artifacts', 'of', 'the', 'sampling', 'process', ',', 'and', 'also', 'with', 'other', 'geographic', 'features', 'or', 'locations', '.']","[0, 0, 0, 0, 0, 0, 0, 0, 0, 0, 0, 0, 0, 0, 0, 0, 0, 0, 0, 0, 0, 0, 0, 0, 0, 0, 0, 0, 0, 0, 0]","[1, 0, 3, 0, 0, 0, 0, 0, 0, 0, 0, 0, 0, 0, 0, 0, 0, 0, 0, 0, 0, 0, 0, 0, 0, 0, 0, 0, 0, 0, 0]"
"['The', 'sampling', 'time', 'and', 'analysis', 'and', 'reporting', 'time', 'are', 'all', 'different', '.']","[0, 0, 0, 0, 0, 0, 0, 0, 0, 0, 0, 0]","[0, 0, 0, 0, 0, 0, 0, 0, 3, 0, 0, 0]"
"['Similar', 'process', 'apply', 'to', 'botanical', 'sampling', ',', 'and', 'to', 'environmental', 'sampling', '(', 'water', ',', 'air', ',', 'dust', ')', '.']","[0, 0, 0, 0, 0, 0, 0, 0, 0, 0, 0, 0, 0, 0, 0, 0, 0, 0, 0]","[0, 0, 0, 0, 0, 0, 0, 0, 0, 0, 0, 0, 0, 0, 0, 0, 0, 0, 0]"
"['Analyst', ':', 'Do', 'you', 'run', 'into', 'any', 'challenges', 'with', 'international', 'addresses', ',', 'given', 'the', 'wide', 'variation', 'in', 'address', 'formats', '?']","[0, 0, 0, 0, 0, 0, 0, 0, 0, 0, 0, 0, 0, 0, 0, 0, 0, 0, 0, 0]","[0, 0, 1, 0, 3, 0, 0, 0, 0, 0, 0, 0, 3, 0, 0, 0, 0, 0, 0, 0]"
"['AP', ':', 'Actually', ',', 'that', 'is', 'a', 'constant', 'source', 'of', 'confusion', 'and', 'pain', '.', 'We', 'have', 'had', 'several', 'situations', 'where', ',', 'due', 'to', 'an', 'incorrect', 'address', 'format', ',', 'the', 'client', 'did', 'not', 'receive', 'correspondence', '.']","[0, 0, 0, 0, 0, 0, 0, 0, 0, 0, 0, 0, 0, 0, 0, 0, 0, 0, 0, 0, 0, 0, 0, 0, 0, 0, 0, 0, 0, 0, 0, 0, 0, 0, 0]","[0, 0, 0, 0, 0, 3, 0, 0, 0, 0, 0, 0, 0, 0, 0, 3, 4, 0, 0, 0, 0, 0, 0, 0, 0, 0, 0, 0, 0, 0, 3, 0, 0, 0, 0]"
"['Analyst', ':', 'Can', 'you', 'give', 'me', 'some', 'examples', 'of', 'this', '?']","[0, 0, 0, 0, 0, 0, 0, 0, 0, 0, 0]","[0, 0, 0, 0, 3, 0, 0, 0, 0, 0, 0]"
"['AP', ':', 'Yes', ',', 'one', 'happened', 'recently', '.', 'Sometimes', ',', 'addresses', 'start', 'with', 'a', 'house', 'name', 'or', 'number', ',', 'but', 'some', 'overseas', 'clients', 'put', 'the', 'city', 'or', 'town', 'first', '.', 'Imagine', 'the', 'confusion', 'of', 'sending', 'something', 'to', 'Paris', 'which', 'we', 'thought', 'was', 'the', 'city', 'but', 'was', 'in', 'fact', 'the', 'house', 'name', '!']","[0, 0, 0, 0, 0, 0, 0, 0, 0, 0, 0, 0, 0, 0, 0, 0, 0, 0, 0, 0, 0, 0, 0, 0, 0, 0, 0, 0, 0, 0, 0, 0, 0, 0, 0, 0, 0, 0, 0, 0, 0, 0, 0, 0, 0, 0, 0, 0, 0, 0, 0, 0]","[0, 0, 0, 0, 0, 3, 0, 0, 0, 0, 3, 4, 0, 0, 0, 0, 0, 0, 0, 0, 0, 0, 0, 3, 0, 0, 0, 0, 0, 0, 3, 0, 0, 0, 0, 0, 0, 1, 0, 0, 3, 4, 0, 0, 0, 3, 0, 0, 0, 0, 0, 0]"
"['The', 'other', 'issue', 'is', 'that', 'overseas', 'zip', 'codes', 'or', 'postal', 'codes', ',', 'as', 'they', 'are', 'sometimes', 'called', ',', 'are', 'not', 'always', 'numeric', '—', 'they', 'can', 'be', 'a', 'combination', 'of', 'numbers', 'and', 'letters', '.']","[0, 0, 0, 0, 0, 0, 0, 0, 0, 0, 0, 0, 0, 0, 0, 0, 0, 0, 0, 0, 0, 0, 0, 0, 0, 0, 0, 0, 0, 0, 0, 0, 0]","[0, 0, 0, 3, 0, 0, 0, 0, 0, 0, 0, 0, 0, 0, 3, 0, 3, 0, 3, 0, 0, 0, 0, 0, 0, 3, 0, 0, 0, 0, 0, 0, 0]"
"['Analyst', ':', 'Tell', 'me', 'about', 'the', 'process', 'when', 'you', 'take', 'on', 'a', 'new', 'client', '.', 'What', 'information', 'do', 'you', 'initially', 'record', 'about', 'that', 'person', '?']","[0, 0, 0, 0, 0, 0, 0, 0, 0, 0, 0, 0, 0, 0, 0, 0, 0, 0, 0, 0, 0, 0, 0, 0, 0]","[0, 0, 3, 0, 0, 0, 0, 0, 0, 3, 0, 0, 0, 0, 0, 0, 0, 3, 0, 0, 3, 0, 0, 0, 0]"
"['AP', ':', 'Remember', ',', 'it', '’s', 'not', 'always', 'an', 'individual', ';', 'it', 'could', 'be', 'an', 'organization', '.']","[0, 0, 0, 0, 0, 0, 0, 0, 0, 0, 0, 0, 0, 0, 0, 0, 0]","[0, 0, 1, 0, 0, 3, 0, 0, 0, 0, 0, 0, 0, 0, 3, 0, 0]"
"['Analyst', ':', 'When', 'it', '’s', 'an', 'organization', ',', 'do', 'you', 'always', 'need', 'to', 'know', 'the', 'contact', '?']","[0, 0, 0, 0, 0, 0, 0, 0, 0, 0, 0, 0, 0, 0, 0, 0, 0]","[0, 0, 0, 0, 3, 0, 0, 0, 0, 3, 0, 0, 3, 0, 3, 0, 0]"
"['AP', ':', 'Yes', ',', 'and', 'sometimes', 'there', 'are', 'more', 'than', 'one', '.', 'For', 'each', 'client', 'or', 'representative', 'of', 'an', 'organization', ',', 'I', 'need', 'to', 'write', 'down', 'their', 'full', 'name', 'and', 'how', 'they', 'prefer', 'their', 'honorific', ':', 'Mr.', ',', 'Ms.', ',', 'Mrs.', ',', 'Dr.', ',', 'etc', '.', 'And', 'of', 'course', ',', 'their', 'email', 'address', ',', 'phone', 'number', ',', 'and', 'postal', 'address', ',', 'and', 'sometimes', 'we', 'have', 'a', 'primary', 'mailing', 'address', 'that', 'could', 'be', 'different', 'from', 'the', 'billing', 'address', '.']","[0, 0, 0, 0, 0, 0, 0, 0, 0, 0, 0, 0, 0, 0, 0, 0, 0, 0, 0, 0, 0, 0, 0, 0, 0, 0, 0, 0, 0, 0, 0, 0, 0, 0, 0, 0, 0, 0, 0, 0, 0, 0, 0, 0, 0, 0, 0, 0, 0, 0, 0, 0, 0, 0, 0, 0, 0, 0, 0, 0, 0, 0, 0, 0, 0, 0, 0, 0, 0, 0, 0, 0, 0, 0, 0, 0, 0, 0]","[0, 0, 0, 0, 0, 0, 0, 3, 0, 0, 0, 0, 0, 0, 0, 0, 0, 0, 0, 0, 0, 0, 3, 0, 3, 0, 0, 0, 0, 0, 0, 0, 3, 0, 0, 0, 1, 0, 1, 0, 1, 0, 1, 0, 0, 0, 0, 0, 0, 0, 0, 0, 0, 0, 0, 0, 0, 0, 0, 0, 0, 0, 0, 0, 3, 0, 0, 0, 0, 0, 0, 3, 0, 0, 0, 0, 0, 0]"
"['Analyst', ':', 'Could', 'you', 'have', 'a', 'situation', 'where', 'multiple', 'people', 'have', 'the', 'same', 'address', '?']","[0, 0, 0, 0, 0, 0, 0, 0, 0, 0, 0, 0, 0, 0, 0]","[0, 0, 1, 0, 3, 0, 0, 0, 0, 0, 3, 0, 0, 0, 0]"
"['AP', ':', 'This', 'does', 'happen', ',', 'for', 'example', ',', 'when', 'we', 'contact', 'different', 'employees', 'in', 'the', 'same', 'office', '.']","[0, 0, 0, 0, 0, 0, 0, 0, 0, 0, 0, 0, 0, 0, 0, 0, 0, 0, 0]","[0, 0, 0, 3, 4, 0, 0, 0, 0, 0, 0, 3, 0, 0, 0, 0, 0, 0, 0]"
"['Analyst', ':', 'What', 'are', 'your', 'other', 'responsibilities', ',', 'apart', 'from', 'creating', 'cases', '?']","[0, 0, 0, 0, 0, 0, 0, 0, 0, 0, 0, 0, 0]","[0, 0, 0, 3, 0, 0, 0, 0, 0, 0, 0, 0, 0]"
"['AP', ':', 'As', 'a', 'case', 'progresses', ',', 'I', 'need', 'to', 'record', 'all', 'the', 'individuals', 'and', 'organizations', 'that', 'take', 'part', 'in', 'the', 'case', 'activities', 'and', 'the', 'specific', 'role', 'they', 'play', '.']","[0, 0, 0, 0, 0, 0, 0, 0, 0, 0, 0, 0, 0, 0, 0, 0, 0, 0, 0, 0, 0, 0, 0, 0, 0, 0, 0, 0, 0, 0]","[0, 0, 0, 0, 0, 3, 0, 0, 3, 0, 3, 0, 0, 0, 0, 0, 0, 3, 4, 0, 0, 0, 0, 0, 0, 0, 0, 0, 3, 0]"
"['Analyst', ':', 'Is', 'it', 'possible', 'for', 'an', 'individual', 'or', 'organization', 'to', 'participate', 'in', 'multiple', 'actions', 'or', 'events', 'in', 'different', 'cases', '?']","[0, 0, 0, 0, 0, 0, 0, 0, 0, 0, 0, 0, 0, 0, 0, 0, 0, 0, 0, 0, 0]","[0, 0, 3, 0, 0, 0, 0, 0, 0, 0, 0, 3, 0, 0, 0, 0, 0, 0, 0, 0, 0]"
"['AP', ':', 'Yes', '.', 'Not', 'only', 'that', ',', 'but', 'some', 'may', 'play', 'different', 'roles', 'within', 'the', 'same', 'case', '.', 'For', 'example', ',', 'the', 'same', 'party', 'can', 'be', 'both', 'the', 'defendant', 'and', 'witness', 'in', 'the', 'same', 'case', '.']","[0, 0, 0, 0, 0, 0, 0, 0, 0, 0, 0, 0, 0, 0, 0, 0, 0, 0, 0, 0, 0, 0, 0, 0, 0, 0, 0, 0, 0, 0, 0, 0, 0, 0, 0, 0, 0]","[0, 0, 0, 0, 0, 0, 0, 0, 0, 0, 0, 3, 0, 0, 0, 0, 0, 0, 0, 0, 0, 0, 0, 0, 0, 0, 3, 0, 0, 0, 0, 0, 0, 0, 0, 0, 0]"
"['Analyst', ':', 'So', ',', 'what', 'are', 'these', 'different', 'types', 'of', 'roles', 'a', 'party', 'can', 'play', '?']","[0, 0, 0, 0, 0, 0, 0, 0, 0, 0, 0, 0, 0, 0, 0, 0]","[0, 0, 0, 0, 0, 3, 0, 0, 0, 0, 0, 0, 0, 0, 3, 0]"
"['AP', ':', 'Plaintiff', ',', 'witness', ',', 'defendant', ',', 'judge', ',', 'an', 'expert', 'in', 'some', 'field', ',', 'or', 'an', 'attorney', '.']","[0, 0, 0, 0, 0, 0, 0, 0, 0, 0, 0, 0, 0, 0, 0, 0, 0, 0, 0, 0]","[0, 0, 0, 0, 0, 0, 0, 0, 0, 0, 0, 0, 0, 0, 0, 0, 0, 0, 0, 0]"
"['Analyst', ':', 'Can', 'your', 'firm', '’s', 'attorneys', 'or', 'judges', 'be', 'considered', 'as', 'parties', 'to', 'the', 'case', '?']","[0, 0, 0, 0, 0, 0, 0, 0, 0, 0, 0, 0, 0, 0, 0, 0, 0]","[0, 0, 0, 0, 0, 3, 0, 0, 0, 0, 3, 4, 0, 0, 0, 0, 0]"
"['AP', ':', 'Absolutely', '.', 'And', 'I', 'must', 'record', 'the', 'information', 'about', 'their', 'involvement', 'as', 'well', '.']","[0, 0, 0, 0, 0, 0, 0, 0, 0, 0, 0, 0, 0, 0, 0, 0]","[0, 0, 0, 0, 0, 0, 0, 3, 0, 0, 0, 0, 0, 0, 0, 0]"
"['Analyst', ':', 'Please', 'tell', 'me', 'about', 'events', 'that', 'occur', '.', 'What', 'information', 'do', 'you', 'record', '?']","[0, 0, 0, 0, 0, 0, 0, 0, 0, 0, 0, 0, 0, 0, 0, 0]","[0, 0, 1, 3, 0, 0, 0, 0, 3, 0, 0, 0, 3, 0, 3, 0]"
"['AP', ':', 'All', 'attorneys', 'and', 'legal', 'assistants', 'record', 'their', 'own', 'activities', ',', 'which', 'include', 'the', 'date', 'and', 'time', 'when', 'an', 'activity', 'occurred', ',', 'a', 'short', 'description', ',', 'and', 'a', 'duration', ',', 'and', 'in', 'the', 'case', 'of', 'witnesses', ',', 'defendants', ',', 'and', 'judges', ',', 'a', 'list', 'of', 'who', 'was', 'involved', '.', 'We', 'also', 'need', 'to', 'indicate', 'if', 'this', 'event', 'is', 'billable', 'or', 'not', '.']","[0, 0, 0, 0, 0, 0, 0, 0, 0, 0, 0, 0, 0, 0, 0, 0, 0, 0, 0, 0, 0, 0, 0, 0, 0, 0, 0, 0, 0, 0, 0, 0, 0, 0, 0, 0, 0, 0, 0, 0, 0, 0, 0, 0, 0, 0, 0, 0, 0, 0, 0, 0, 0, 0, 0, 0, 0, 0, 0, 0, 0, 0, 0]","[0, 0, 0, 0, 0, 0, 0, 3, 0, 0, 0, 0, 0, 3, 0, 0, 0, 0, 0, 0, 0, 3, 0, 0, 0, 0, 0, 0, 0, 0, 0, 0, 0, 0, 0, 0, 0, 0, 0, 0, 0, 0, 0, 0, 0, 0, 0, 3, 4, 0, 0, 0, 3, 0, 3, 0, 0, 0, 3, 0, 0, 0, 0]"
"['Analyst', ':', 'Is', 'there', 'anything', 'else', 'you', 'record', 'for', 'cases', '?']","[0, 0, 0, 0, 0, 0, 0, 0, 0, 0, 0]","[0, 0, 3, 0, 0, 0, 0, 3, 0, 0, 0]"
"['AP', ':', 'Yes', ',', 'we', 'need', 'to', 'know', 'which', 'documents', 'were', 'used', 'in', 'a', 'case', '.']","[0, 0, 0, 0, 0, 0, 0, 0, 0, 0, 0, 0, 0, 0, 0, 0]","[0, 0, 0, 0, 0, 3, 0, 3, 0, 0, 3, 4, 0, 0, 0, 0]"
"['The', 'Right', '', 'Way', 'Rental', 'Truck', 'Company', 'rents', 'small', 'moving', 'trucks', 'and', 'trailers', 'for', 'local', 'and', 'one', '', 'way', 'usage', '.']","[0, 0, 0, 0, 0, 0, 0, 0, 0, 0, 0, 0, 0, 0, 0, 0, 0, 0, 0, 0, 0]","[0, 1, 2, 2, 2, 2, 3, 0, 0, 0, 0, 0, 0, 0, 0, 0, 0, 0, 0, 0, 0]"
"['We', 'have', '347', 'rental', 'offices', 'across', 'the', 'western', 'United', 'States', '.']","[0, 0, 0, 0, 0, 0, 0, 0, 0, 0, 0]","[0, 3, 0, 0, 0, 0, 0, 0, 1, 2, 0]"
"['Our', 'rental', 'stock', 'includes', 'a', 'total', 'of', '5,780', 'vehicles', 'including', 'various', 'types', 'of', 'trucks', 'and', 'trailers', '.']","[0, 0, 0, 0, 0, 0, 0, 0, 0, 0, 0, 0, 0, 0, 0, 0, 0]","[0, 0, 0, 3, 0, 0, 0, 0, 0, 0, 0, 0, 0, 0, 0, 0, 0]"
"['We', 'need', 'to', 'implement', 'a', 'system', 'to', 'track', 'our', 'rental', 'agreements', 'and', 'our', 'vehicle', 'assignments', '.']","[0, 0, 0, 0, 0, 0, 0, 0, 0, 0, 0, 0, 0, 0, 0, 0]","[0, 3, 0, 3, 0, 0, 0, 3, 0, 0, 0, 0, 0, 0, 0, 0]"
"['Each', 'rental', 'office', 'rents', 'vehicles', 'that', 'they', 'have', 'in', 'stock', 'to', 'customers', 'ready', 'to', 'take', 'possession', 'of', 'the', 'vehicle', '.']","[0, 0, 0, 0, 0, 0, 0, 0, 0, 0, 0, 1, 0, 0, 0, 0, 0, 0, 0, 0]","[0, 0, 0, 0, 0, 0, 0, 3, 0, 0, 0, 0, 0, 0, 3, 4, 0, 0, 0, 0]"
"['We', 'do', 'n’t', 'take', 'reservations', ',', 'or', 'speculate', 'on', 'when', 'the', 'customer', 'will', 'return', 'rented', 'vehicles', '.']","[0, 0, 0, 0, 0, 0, 0, 0, 0, 0, 0, 1, 0, 3, 4, 4, 0]","[0, 3, 0, 3, 0, 3, 0, 0, 0, 3, 0, 0, 0, 0, 0, 3, 0]"
"['The', 'central', 'office', 'oversees', 'the', 'vehicle', 'distribution', ',', 'and', 'directs', 'transfers', 'of', 'vehicles', 'from', 'one', 'rental', 'office', 'to', 'another', '.']","[0, 0, 0, 0, 0, 0, 0, 0, 0, 0, 0, 0, 0, 0, 0, 0, 0, 0, 0, 0]","[0, 0, 0, 3, 0, 0, 0, 0, 0, 3, 0, 0, 0, 0, 0, 0, 0, 0, 0, 0]"
"['Each', 'rental', 'office', 'has', 'an', 'office', 'name', 'like', '“', 'Littleton', 'Right', '', 'Way', '”', '.']","[0, 0, 0, 0, 0, 0, 0, 0, 0, 0, 0, 0, 0, 0, 0]","[0, 0, 0, 3, 0, 0, 0, 0, 1, 2, 2, 2, 2, 0, 0]"
"['Each', 'office', 'also', 'has', 'a', 'unique', 'three', 'digit', 'office', 'number', '.']","[0, 0, 0, 0, 0, 0, 0, 0, 0, 0, 0]","[0, 0, 0, 3, 0, 0, 0, 0, 0, 0, 0]"
"['We', 'also', 'keep', 'each', 'office', '’s', 'address', '.']","[0, 0, 0, 0, 0, 0, 0, 0]","[0, 0, 3, 0, 0, 0, 0, 0]"
"['Each', 'office', 'is', 'a', 'home', 'office', 'for', 'some', 'of', 'our', 'vehicles', ',', 'and', 'each', 'vehicle', 'is', 'based', 'out', 'of', 'a', 'single', 'home', 'office', '.']","[0, 0, 0, 0, 0, 0, 0, 0, 0, 0, 0, 0, 0, 0, 0, 0, 0, 0, 0, 0, 0, 0, 0, 0]","[0, 0, 3, 0, 0, 0, 0, 0, 0, 0, 0, 0, 0, 0, 0, 3, 4, 0, 0, 0, 0, 0, 0, 0]"
"['Each', 'vehicle', 'has', 'a', 'vehicle', 'i', 'd', ',', 'state', 'of', 'registration', ',', 'and', 'a', 'license', 'plate', 'registration', 'number', '.']","[0, 0, 0, 0, 0, 0, 0, 0, 0, 0, 0, 0, 0, 0, 0, 0, 0, 0, 0]","[0, 0, 3, 0, 0, 0, 0, 0, 0, 0, 0, 0, 0, 0, 0, 0, 0, 0, 0]"
"['We', 'have', 'five', 'different', 'types', 'of', 'vehicles', ':', '36', 'trucks', ',', '24', '’', 'trucks', ',', '10', '’', 'trucks', ',', '8', '’', 'covered', 'trailers', ',', 'and', '6', '’', 'open', 'trailers', '.']","[0, 0, 0, 0, 0, 0, 0, 0, 0, 0, 0, 0, 0, 0, 0, 0, 0, 0, 0, 0, 0, 0, 0, 0, 0, 0, 0, 0, 0, 0]","[0, 3, 0, 0, 0, 0, 0, 0, 0, 0, 0, 0, 0, 0, 0, 0, 0, 0, 0, 0, 0, 3, 0, 0, 0, 0, 0, 0, 0, 0]"
"['Yes', ',', 'we', 'do', 'have', 'a', 'vehicle', 'type', 'code', '.']","[0, 0, 0, 0, 0, 0, 0, 0, 0, 0]","[0, 0, 0, 3, 4, 0, 0, 0, 0, 0]"
"['For', 'all', 'our', 'vehicles', ',', 'we', 'need', 'to', 'track', 'the', 'last', 'maintenance', 'date', ',', 'and', 'expiration', 'date', 'of', 'its', 'registration', '.']","[0, 0, 0, 0, 0, 0, 0, 0, 0, 0, 0, 0, 0, 0, 0, 0, 0, 0, 0, 0, 0]","[0, 0, 0, 0, 0, 0, 3, 0, 3, 0, 0, 0, 0, 0, 0, 0, 0, 0, 0, 0, 0]"
"['For', 'our', 'trucks', ',', 'we', 'need', 'to', 'know', 'the', 'current', 'odometer', 'reading', ',', 'the', 'gas', 'tank', 'capacity', ',', 'and', 'whether', 'or', 'not', 'it', 'has', 'a', 'working', 'radio', '.']","[0, 0, 0, 0, 0, 0, 0, 0, 0, 0, 0, 0, 0, 0, 0, 0, 0, 0, 0, 0, 0, 0, 0, 0, 0, 0, 0, 0]","[0, 0, 0, 0, 0, 3, 0, 3, 0, 0, 0, 0, 0, 0, 0, 0, 0, 0, 0, 0, 0, 0, 0, 3, 0, 0, 0, 0]"
"['For', 'long', 'moves', ',', 'customers', 'really', 'prefer', 'a', 'radio', '.']","[0, 0, 0, 0, 0, 0, 0, 0, 0, 0]","[0, 0, 0, 0, 0, 0, 3, 0, 0, 0]"
"['We', 'log', 'the', 'current', 'mileage', 'just', 'before', 'we', 'rent', 'a', 'truck', ',', 'and', 'then', 'again', 'when', 'it', 'is', 'returned', '.']","[0, 0, 0, 0, 0, 0, 0, 0, 0, 0, 0, 0, 0, 0, 0, 0, 0, 0, 0, 0]","[0, 3, 0, 0, 0, 0, 0, 0, 3, 0, 0, 0, 0, 0, 0, 0, 0, 3, 4, 0]"
"['Most', 'of', 'our', 'rental', 'agreements', 'are', 'for', 'individual', 'customers', ',', 'but', 'a', 'rental', 'agreement', 'can', 'either', 'be', 'for', 'an', 'individual', 'or', 'for', 'a', 'company', '.']","[0, 0, 0, 0, 0, 0, 0, 0, 0, 0, 0, 0, 0, 0, 0, 0, 0, 0, 0, 0, 0, 0, 0, 0, 0]","[0, 0, 0, 0, 0, 3, 0, 0, 0, 0, 0, 0, 0, 0, 0, 0, 3, 0, 0, 0, 0, 0, 0, 0, 0]"
"['We', 'do', 'rent', 'a', 'small', 'percentage', 'of', 'our', 'trucks', 'to', 'companies', '.']","[0, 0, 0, 0, 0, 0, 0, 0, 0, 0, 0, 0]","[0, 3, 4, 0, 0, 0, 0, 0, 0, 0, 0, 0]"
"['We', 'assign', 'each', 'company', 'an', 'identifying', 'company', 'number', 'and', 'track', 'the', 'company', '’s', 'name', 'and', 'address', '.']","[0, 0, 0, 0, 0, 0, 0, 0, 0, 0, 0, 0, 0, 0, 0, 0, 0]","[0, 3, 0, 0, 0, 0, 0, 0, 0, 3, 0, 0, 3, 0, 0, 0, 0]"
"['No', ',', 'we', 'do', 'n’t', 'need', 'to', 'worry', 'about', 'any', 'additional', 'information', 'about', 'a', 'company', '.']","[0, 0, 0, 0, 0, 0, 0, 0, 0, 0, 0, 0, 0, 0, 0, 0]","[0, 0, 0, 3, 0, 3, 0, 3, 0, 3, 0, 0, 0, 0, 0, 0]"
"['Our', 'corporate', 'sales', 'group', 'handles', 'all', 'that', 'information', 'separately', '.']","[0, 0, 0, 0, 0, 0, 0, 0, 0, 0]","[0, 0, 0, 0, 3, 0, 0, 0, 0, 0]"
"['For', 'each', 'individual', 'customer', ',', 'we', 'record', 'the', 'customer', '’s', 'name', ',', 'home', 'phone', ',', 'address', ',', 'and', 'driver', '’s', 'license', 'state', ',', 'number', ',', 'and', 'expiration', 'date', '.']","[0, 0, 0, 0, 0, 0, 0, 0, 0, 0, 0, 0, 0, 0, 0, 0, 0, 0, 0, 0, 0, 0, 0, 0, 0, 0, 0, 0, 0]","[0, 0, 0, 0, 0, 0, 3, 0, 0, 1, 0, 0, 0, 0, 0, 0, 0, 0, 0, 0, 1, 0, 0, 0, 0, 0, 0, 0, 0]"
"['We', 'like', 'to', 'keep', 'track', 'of', 'all', 'our', 'customers', '.']","[0, 0, 0, 0, 0, 0, 0, 0, 0, 0]","[0, 3, 0, 3, 4, 0, 0, 0, 0, 0]"
"['If', 'a', 'customer', 'damaged', 'a', 'vehicle', ',', 'abandoned', 'it', ',', 'or', 'did', 'n’t', 'fully', 'pay', 'the', 'bill', ',', 'then', 'we', 'tag', 'the', 'customer', 'as', 'a', 'poor', 'risk', ',', 'and', 'wo', 'n’t', 'rent', 'to', 'that', 'customer', 'again', '.']","[0, 0, 0, 0, 0, 0, 0, 0, 0, 0, 0, 0, 0, 0, 0, 0, 0, 0, 0, 1, 3, 4, 4, 0, 0, 0, 0, 0, 0, 0, 0, 0, 0, 0, 0, 0, 0]","[0, 0, 0, 3, 0, 0, 0, 3, 0, 0, 0, 3, 0, 1, 0, 0, 3, 0, 0, 0, 0, 0, 3, 0, 0, 0, 0, 0, 0, 0, 0, 0, 3, 1, 0, 0, 0]"
"['We', 'only', 'allow', 'a', 'single', 'individual', 'or', 'company', 'for', 'a', 'given', 'rental', 'agreement', ',', 'and', 'we', 'write', 'a', 'separate', 'rental', 'agreement', 'for', 'each', 'vehicle', '.']","[0, 0, 0, 0, 0, 0, 0, 0, 0, 0, 0, 0, 0, 0, 0, 0, 0, 0, 0, 0, 0, 0, 0, 0, 0]","[0, 0, 3, 0, 0, 0, 0, 0, 0, 0, 3, 0, 0, 0, 0, 0, 3, 0, 0, 0, 0, 0, 0, 0, 0]"
"['Yes', ',', 'we', 'do', 'have', 'customers', 'rent', 'two', 'or', 'more', 'vehicles', 'at', 'the', 'same', 'time', '.']","[0, 0, 0, 0, 0, 0, 0, 0, 0, 0, 0, 0, 0, 0, 0, 0]","[0, 0, 0, 3, 4, 0, 3, 0, 0, 0, 0, 0, 0, 0, 0, 0]"
"['Each', 'rental', 'agreement', 'is', 'identified', 'by', 'the', 'originating', 'rental', 'office', 'number', 'and', 'a', 'rental', 'agreement', 'number', '.']","[0, 0, 0, 0, 0, 0, 0, 0, 0, 0, 0, 0, 0, 0, 0, 0, 0]","[0, 0, 0, 3, 4, 0, 0, 0, 0, 0, 0, 0, 0, 0, 0, 0, 0]"
"['We', 'also', 'need', 'to', 'track', 'the', 'rental', 'date', ',', 'the', 'anticipated', 'duration', 'of', 'the', 'rental', ',', 'the', 'originating', 'rental', 'office', ',', 'the', 'drop', '', 'off', 'rental', 'office', ',', 'the', 'amount', 'of', 'the', 'deposit', 'paid', ',', 'the', 'quoted', 'daily', 'rental', 'rate', ',', 'and', 'the', 'quoted', 'rate', 'per', 'mile', '.']","[0, 0, 0, 0, 3, 4, 4, 4, 0, 0, 0, 0, 0, 0, 0, 0, 0, 0, 0, 0, 0, 0, 0, 0, 0, 0, 0, 0, 0, 0, 0, 0, 0, 0, 0, 0, 0, 0, 0, 0, 0, 0, 0, 0, 0, 0, 0, 0]","[0, 0, 3, 0, 3, 0, 0, 0, 0, 0, 0, 0, 0, 0, 0, 0, 0, 0, 0, 0, 0, 0, 0, 0, 0, 0, 0, 0, 0, 0, 0, 0, 3, 0, 0, 3, 0, 0, 0, 0, 0, 0, 0, 0, 0, 0, 0, 0]"
"['Of', 'course', 'for', 'the', 'trailers', ',', 'there', 'is', 'n’t', 'a', 'mileage', 'charge', '.']","[0, 0, 0, 0, 0, 0, 0, 0, 0, 0, 0, 0, 0]","[0, 0, 0, 0, 0, 0, 0, 3, 0, 1, 0, 0, 0]"
"['No', ',', 'we', 'do', 'n’t', 'need', 'to', 'automate', 'the', 'financial', 'side', 'of', 'our', 'business', ',', 'just', 'our', 'rental', 'agreement', 'tracking', 'and', 'vehicle', 'assignment', 'functions', '.']","[0, 0, 0, 0, 0, 0, 0, 0, 0, 0, 0, 0, 0, 0, 0, 0, 0, 0, 0, 0, 0, 0, 0, 0, 0]","[0, 0, 0, 3, 0, 3, 0, 3, 0, 3, 0, 0, 0, 0, 0, 0, 0, 0, 0, 0, 0, 0, 0, 0, 0]"
"['Romano', ""'s"", 'is', 'the', 'finest', 'Italian', 'restaurant', 'in', 'the', 'city', '.']","[0, 0, 0, 0, 0, 0, 0, 0, 0, 0, 0]","[1, 0, 3, 0, 0, 0, 0, 0, 0, 0, 0]"
"['Unless', 'you', 'are', 'a', 'celebrity', 'or', 'a', 'good', 'friend', 'of', 'Romano', 'you', 'will', 'need', 'a', 'reservation', '.']","[0, 0, 0, 0, 0, 0, 0, 0, 0, 0, 0, 0, 0, 0, 0, 3, 0]","[0, 0, 3, 0, 0, 0, 0, 0, 0, 0, 1, 0, 0, 3, 0, 0, 0]"
"['A', 'reservation', 'is', 'made', 'for', 'a', 'specific', 'time', ',', 'date', 'and', 'number', 'of', 'people', '.']","[0, 3, 0, 0, 0, 0, 0, 0, 0, 0, 0, 0, 0, 0, 0]","[0, 0, 3, 4, 0, 0, 0, 0, 0, 0, 0, 0, 0, 0, 0]"
"['The', 'reservation', 'also', 'captures', 'the', 'name', 'and', 'phone', 'number', 'of', 'the', 'person', 'making', 'the', 'reservation', '.']","[0, 3, 0, 0, 0, 0, 0, 0, 0, 0, 0, 0, 0, 0, 0, 0]","[0, 0, 0, 3, 0, 0, 0, 0, 0, 0, 0, 0, 0, 0, 0, 0]"
"['Each', 'reservation', 'is', 'assigned', 'a', 'unique', 'reservation', 'number', '.']","[0, 0, 0, 0, 0, 0, 0, 0, 0]","[0, 0, 3, 4, 0, 0, 0, 0, 0]"
"['There', 'are', 'two', 'categories', 'of', 'reservations', 'at', 'Romano', ""'s"", ':', 'individual', 'reservations', 'and', 'banquet', 'reservations', '.']","[0, 0, 0, 0, 0, 0, 0, 0, 0, 0, 0, 0, 0, 0, 0, 0]","[0, 3, 0, 0, 0, 0, 0, 1, 0, 0, 0, 0, 0, 0, 0, 0]"
"['Additional', 'reservation', 'information', 'captured', 'when', 'an', 'individual', 'makes', 'a', 'reservation', 'includes', 'seating', 'preference', '(', 'inside', 'or', 'patio', ')', 'and', 'smoking', 'preference', '(', 'smoking', 'or', 'nonsmoking', ')', '.']","[0, 0, 0, 0, 0, 0, 0, 0, 0, 0, 0, 0, 0, 0, 0, 0, 0, 0, 0, 0, 0, 0, 0, 0, 0, 0, 0]","[0, 0, 0, 3, 0, 0, 0, 3, 0, 0, 3, 4, 4, 0, 0, 0, 0, 0, 0, 0, 0, 0, 0, 0, 0, 0, 0]"
"['Additional', 'reservation', 'information', 'captured', 'for', 'banquet', 'reservations', 'includes', 'the', 'group', 'name', 'and', 'the', 'method', 'of', 'payment', '.']","[0, 0, 0, 0, 0, 0, 0, 0, 0, 0, 0, 0, 0, 0, 0, 0, 0]","[0, 0, 0, 3, 0, 0, 0, 3, 0, 0, 0, 0, 0, 0, 0, 0, 0]"
"['Seating', 'at', 'Romano', ""'s"", 'is', 'limited', '.']","[0, 0, 0, 0, 0, 0, 0]","[0, 0, 1, 0, 3, 4, 0]"
"['Romano', ""'s"", 'has', 'a', 'fixed', 'number', 'of', 'tables', '.']","[0, 0, 0, 0, 0, 0, 0, 0, 0]","[1, 0, 3, 0, 0, 0, 0, 0, 0]"
"['Each', 'table', 'is', 'identified', 'by', 'a', 'unique', 'table', 'number', '.']","[0, 0, 0, 0, 0, 0, 0, 0, 0, 0]","[0, 0, 3, 4, 0, 0, 0, 0, 0, 0]"
"['Each', 'of', 'the', 'tables', 'is', 'further', 'described', 'by', 'a', 'unique', 'free', 'form', 'description', 'such', 'as', '""', 'located', 'by', 'the', 'North', 'window', '""', ',', '""', 'located', 'in', 'front', 'of', 'the', 'fountain', '""', ',', '""', 'by', 'the', 'kitchen', 'door', '""', '.']","[0, 0, 0, 0, 0, 0, 0, 0, 0, 0, 0, 0, 0, 0, 0, 0, 0, 0, 0, 0, 0, 0, 0, 0, 0, 0, 0, 0, 0, 0, 0, 0, 0, 0, 0, 0, 0, 0, 0]","[0, 0, 0, 0, 3, 0, 3, 0, 0, 0, 0, 0, 0, 0, 0, 0, 3, 0, 0, 1, 0, 0, 0, 0, 3, 0, 0, 0, 0, 0, 0, 0, 0, 0, 0, 0, 0, 0, 0]"
"['Each', 'table', 'is', 'classified', 'as', 'a', '2', '', 'person', ',', '4', '', 'person', 'or', '6', '', 'person', 'table', '.']","[0, 0, 0, 0, 0, 0, 0, 0, 0, 0, 0, 0, 0, 0, 0, 0, 0, 0, 0]","[0, 0, 3, 4, 0, 0, 0, 0, 0, 0, 0, 0, 0, 0, 0, 0, 0, 0, 0]"
"['When', 'a', 'reservation', 'is', 'made', ',', 'Romano', 'associates', 'a', 'specific', 'number', 'to', 'the', 'reservation', '.']","[0, 0, 0, 0, 0, 0, 0, 0, 0, 0, 0, 0, 0, 0, 0]","[0, 0, 0, 3, 4, 0, 1, 3, 0, 0, 0, 0, 0, 0, 0]"
"['A', 'table', 'can', 'be', 'utilized', 'many', 'times', 'over', 'the', 'evening', 'by', 'many', 'reservations', '.']","[0, 0, 0, 0, 0, 0, 0, 0, 0, 0, 0, 0, 0, 0]","[0, 0, 0, 3, 4, 0, 0, 0, 0, 0, 0, 0, 0, 0]"
"['Romano', 'tends', 'to', 'overbook', 'tables', '.']","[0, 0, 0, 0, 0, 0]","[1, 3, 0, 3, 0, 0]"
"['Therefore', ',', 'there', 'can', 'be', 'overlapping', 'table', 'reservations', '.']","[0, 0, 0, 0, 0, 0, 0, 0, 0]","[0, 0, 0, 0, 3, 4, 0, 0, 0]"
"['The', 'management', 'structure', 'at', 'Romano', ""'s"", 'is', 'hierarchical', '.']","[0, 0, 0, 0, 0, 0, 0, 0, 0]","[0, 0, 0, 0, 1, 0, 3, 0, 0]"
"['There', 'are', 'several', 'restaurant', 'managers', 'who', 'report', 'to', 'Romano', '.']","[0, 0, 0, 0, 1, 0, 3, 0, 0, 0]","[0, 3, 0, 0, 0, 0, 3, 0, 1, 0]"
"['The', 'managers', 'are', 'responsible', 'for', 'managing', 'the', ""Maitre'd"", 'and', 'the', 'chefs', 'as', 'well', 'as', 'ensuring', 'that', 'the', 'guests', 'have', 'a', 'pleasant', 'dining', 'experience', '.']","[0, 1, 0, 0, 0, 0, 0, 0, 0, 0, 1, 0, 0, 0, 0, 0, 0, 0, 0, 0, 0, 0, 0, 0]","[0, 0, 3, 0, 0, 0, 0, 1, 0, 0, 0, 0, 0, 0, 0, 0, 0, 0, 0, 3, 0, 0, 0, 0]"
"['The', ""Maitre'd"", 'is', 'responsible', 'for', 'managing', 'the', 'waiters', ',', 'bartenders', 'and', 'bus', 'personnel', '.']","[0, 0, 0, 0, 0, 0, 0, 0, 0, 0, 0, 0, 0, 0]","[0, 1, 0, 3, 0, 0, 0, 0, 0, 0, 0, 0, 0, 0]"
"['The', 'Chefs', 'are', 'responsible', 'for', 'managing', 'the', 'cooks', 'and', 'dishwashers', '.']","[0, 0, 0, 0, 0, 0, 0, 0, 0, 0, 0]","[0, 1, 3, 0, 0, 0, 0, 0, 0, 0, 0]"
"['Each', 'person', 'working', 'for', 'Romano', ""'s"", 'must', 'be', 'classified', 'as', 'either', 'a', 'manager', ',', ""Maitre'd"", ',', 'waiter', ',', 'bartender', ',', 'chef', ',', 'cook', ',', 'bus', 'person', 'or', 'dishwasher', '.']","[0, 0, 0, 0, 0, 0, 0, 0, 0, 0, 0, 0, 0, 0, 0, 0, 0, 0, 0, 0, 0, 0, 0, 0, 0, 0, 0, 0, 0]","[0, 0, 0, 0, 1, 0, 0, 3, 4, 0, 0, 0, 0, 0, 1, 2, 0, 0, 0, 0, 0, 0, 0, 0, 0, 3, 4, 0, 0]"
"['Additional', 'information', 'maintained', 'by', 'Romano', ""'s"", 'for', 'each', 'person', 'includes', 'the', 'persons', 'name', ',', 'date', 'of', 'birth', 'and', 'drivers', 'license', 'number', '.']","[0, 0, 0, 0, 0, 0, 0, 0, 0, 0, 0, 0, 0, 0, 0, 0, 0, 0, 0, 0, 0, 0]","[0, 0, 3, 0, 1, 0, 0, 0, 0, 3, 0, 0, 0, 0, 0, 0, 0, 0, 0, 3, 4, 0]"
"['When', 'the', 'reservation', 'party', 'arrives', 'at', 'Romano', ""'s"", 'the', 'reservation', 'is', 'assigned', 'to', 'one', 'waiter', '.']","[0, 0, 0, 0, 0, 0, 0, 0, 0, 3, 4, 4, 0, 0, 1, 0]","[0, 0, 0, 0, 3, 0, 1, 0, 0, 0, 3, 4, 0, 0, 0, 0]"
"['A', 'waiter', 'can', 'be', 'assigned', 'to', 'many', 'reservations', 'during', 'the', 'course', 'of', 'the', 'evening', '""', '.']","[0, 0, 0, 0, 0, 0, 0, 0, 0, 0, 0, 0, 0, 0, 0, 0]","[0, 0, 0, 3, 4, 0, 0, 0, 0, 0, 0, 0, 0, 0, 0, 0]"
"['The', 'menu', 'at', 'Romano', ""'s"", 'is', 'exquisite', '.']","[0, 0, 0, 0, 0, 0, 0, 0]","[0, 0, 0, 1, 0, 3, 0, 0]"
"['There', 'are', 'many', 'exciting', 'and', 'exotic', 'items', '.']","[0, 0, 0, 0, 0, 0, 0, 0]","[0, 3, 0, 0, 0, 0, 0, 0]"
"['Each', 'menu', 'item', 'is', 'identified', 'by', 'a', 'unique', 'menu', 'item', 'number', '.']","[0, 0, 0, 0, 0, 0, 0, 0, 0, 0, 0, 0]","[0, 0, 0, 3, 4, 0, 0, 0, 0, 0, 0, 0]"
"['Information', 'maintained', 'by', 'Romano', ""'s"", 'for', 'each', 'menu', 'item', 'includes', 'an', 'item', 'description', 'of', '(', 'e.g.', '""', 'chicken', 'marsala', '""', ',', '""', 'fish', 'soup', '""', ',', '""', 'endive', 'salad"",""1988', 'Merlot', 'wine', '""', ',', 'etc', '.', ')', ',', 'and', 'item', 'prep', 'time', '.']","[0, 0, 0, 0, 0, 0, 0, 0, 0, 0, 0, 0, 0, 0, 0, 0, 0, 0, 0, 0, 0, 0, 0, 0, 0, 0, 0, 0, 0, 0, 0, 0, 0, 0, 0, 0, 0, 0, 0, 0, 0, 0]","[0, 3, 0, 1, 0, 0, 0, 0, 0, 3, 0, 0, 0, 0, 0, 0, 0, 0, 0, 0, 0, 0, 0, 0, 0, 0, 0, 0, 0, 0, 0, 0, 0, 1, 0, 0, 0, 0, 0, 0, 0, 0]"
"['Each', 'menu', 'item', 'is', 'classified', 'by', 'Romano', ""'s"", 'as', '""', 'appetizer', '""', ',', '""', 'entree', '""', ',', '""', 'dessert', '""', 'or', '""', 'beverage', '""', '.']","[0, 0, 0, 0, 0, 0, 0, 0, 0, 0, 0, 0, 0, 0, 0, 0, 0, 0, 0, 0, 0, 0, 0, 0, 0]","[0, 0, 0, 3, 4, 0, 1, 0, 0, 0, 0, 0, 0, 0, 0, 0, 0, 0, 3, 0, 0, 0, 0, 0, 0]"
"['The', 'price', 'of', 'each', 'menu', 'item', 'can', 'vary', 'based', 'on', 'the', 'time', 'of', 'day', '.']","[0, 0, 0, 0, 0, 0, 0, 0, 0, 0, 0, 0, 0, 0, 0]","[0, 0, 0, 0, 0, 0, 0, 3, 4, 0, 0, 0, 0, 0, 0]"
"['For', 'example', ',', 'some', 'of', 'the', 'menu', 'items', 'have', 'different', 'lunch', 'and', 'dinner', 'prices', '.']","[0, 0, 0, 0, 0, 0, 0, 0, 0, 0, 0, 0, 0, 0, 0]","[0, 0, 0, 0, 0, 0, 0, 0, 3, 0, 0, 0, 0, 0, 0]"
"['Some', 'of', 'the', 'menu', 'items', 'change', 'prices', 'for', 'happy', 'hour', '.']","[0, 0, 0, 0, 0, 0, 0, 0, 0, 0, 0]","[0, 0, 0, 0, 0, 3, 0, 0, 0, 0, 0]"
"['In', 'order', 'to', 'calculate', 'the', 'check', 'at', 'the', 'end', 'of', 'the', 'dinner', ',', 'the', 'waiter', 'maintains', 'a', 'list', ',', 'by', 'reservation', 'number', ',', 'of', 'the', 'menu', 'items', 'ordered', 'and', 'the', 'time', 'that', 'the', 'menu', 'item', 'was', 'ordered', '.']","[0, 0, 0, 0, 0, 0, 0, 0, 0, 0, 0, 0, 0, 0, 0, 0, 0, 0, 0, 0, 0, 0, 0, 0, 0, 0, 0, 0, 0, 0, 0, 0, 0, 0, 0, 0, 0, 0]","[0, 0, 0, 3, 0, 0, 0, 0, 0, 0, 0, 0, 0, 0, 0, 3, 0, 0, 0, 0, 0, 0, 0, 0, 0, 0, 0, 3, 0, 0, 0, 0, 0, 0, 0, 3, 4, 0]"
"['In', 'other', 'words', ',', 'each', 'reservation', 'can', 'be', 'associated', 'with', 'many', 'menu', 'items', 'and', 'a', 'menu', 'item', 'can', 'be', 'associated', 'with', 'many', 'reservations', '.']","[0, 0, 0, 0, 0, 0, 0, 0, 0, 0, 0, 0, 0, 0, 0, 0, 0, 0, 0, 0, 0, 0, 0, 0]","[0, 0, 0, 0, 0, 0, 0, 3, 4, 0, 0, 0, 0, 0, 0, 0, 0, 0, 3, 4, 0, 0, 0, 0]"
"['In', 'addition', 'to', 'menu', 'items', ',', 'Romano', ""'s"", 'maintains', 'a', 'list', 'of', 'the', 'food', 'items', 'that', 'are', 'utilized', 'by', 'the', 'restaurant', 'such', 'as', 'chicken', ',', 'mushrooms', ',', 'bread', 'sticks', ',', 'red', 'sauce', ',', 'cream', 'sauce', ',', 'etc', '.']","[0, 0, 0, 0, 0, 0, 0, 0, 0, 0, 0, 0, 0, 0, 0, 0, 0, 0, 0, 0, 0, 0, 0, 0, 0, 0, 0, 0, 0, 0, 0, 0, 0, 0, 0, 0, 0, 0]","[0, 0, 0, 3, 0, 0, 1, 0, 3, 0, 0, 0, 0, 0, 0, 0, 3, 4, 0, 0, 0, 0, 0, 0, 0, 0, 0, 0, 0, 0, 0, 0, 0, 0, 0, 0, 0, 0]"
"['Food', 'items', 'are', 'utilized', 'in', 'the', 'preparation', 'of', 'menu', 'items', '.']","[0, 0, 0, 0, 0, 0, 0, 0, 0, 0, 0]","[0, 0, 3, 4, 0, 0, 0, 0, 0, 0, 0]"
"['Each', 'food', 'item', 'is', 'identified', 'by', 'a', 'unique', 'food', 'item', 'number', '.']","[0, 0, 0, 0, 0, 0, 0, 0, 0, 0, 0, 0]","[0, 0, 0, 3, 4, 0, 0, 0, 0, 0, 0, 0]"
